
insert into categoria (categoria_id, nombre, descripcion) values ('c0a8000d-8665-1750-8186-6587bb010011', 'Dolorosas', 'Imágenes de Dolorosas');
insert into categoria (categoria_id, nombre, descripcion) values ('c0a8000d-8665-1750-8186-6587bb010012', 'Cristos', 'Imágenes sobre Cristo');
insert into categoria (categoria_id, nombre, descripcion) values ('c0a8000d-8665-1750-8186-6587bb010013', 'Niños', 'Imágenes de niños, tanto de la virgen como de Jesús');
insert into categoria (categoria_id, nombre, descripcion) values ('c0a8000d-8665-1750-8186-6587bb010014', 'Otros', 'Imágenes de santos');
insert into categoria (categoria_id, nombre, descripcion) values ('c0a8000d-8665-1750-8186-6587bb010015', 'Mariana', 'Imágenes Marianas de la virgen');

insert into imaginero (imaginero_id, name, edad, localidad) values ('c0a8000d-8665-1750-8186-6587bb010001', 'Antonio Eslava Rubio', 1, 'Sumberbakti');
insert into imaginero (imaginero_id, name, edad, localidad) values ('c0a8000d-8665-1750-8186-6587bb010002', 'Juan de Mesa', 2, 'Zhaxirabdain');
insert into imaginero (imaginero_id, name, edad, localidad) values ('c0a8000d-8665-1750-8186-6587bb010003', 'Pedro Roldán', 3, 'Topola');
insert into imaginero (imaginero_id, name, edad, localidad) values ('c0a8000d-8665-1750-8186-6587bb010004', 'Luisa Roldán', 4, 'Santa Rita Aplaya');
insert into imaginero (imaginero_id, name, edad, localidad) values ('c0a8000d-8665-1750-8186-6587bb010005', 'Luis Álvarez Duarte', 5, 'Kašperské Hory');
insert into imaginero (imaginero_id, name, edad, localidad) values ('c0a8000d-8665-1750-8186-6587bb010006', 'Antonio León Ortega', 6, 'Queluz');
insert into imaginero (imaginero_id, name, edad, localidad) values ('c0a8000d-8665-1750-8186-6587bb010007', 'Martín Nieto', 7, 'Real');
insert into imaginero (imaginero_id, name, edad, localidad) values ('c0a8000d-8665-1750-8186-6587bb010008', 'Juan Manuel Miñarro', 8, 'Ampelgading');
insert into imaginero (imaginero_id, name, edad, localidad) values ('c0a8000d-8665-1750-8186-6587bb010009', 'Fernando Aguado', 9, 'Zerok-Alakadari');
insert into imaginero (imaginero_id, name, edad, localidad) values ('c0a8000d-8665-1750-8186-6587bb010010', 'Francisco Antonio Gijón', 10, 'Verdun');

insert into obras (obras_id, name, precio, titulo, img, estado, fecha, estilo, categoria_id, imaginero_id) values ('0528bac8-b04b-11ed-afa1-0242ac120002', 'Esperanza Macarena', 12000.00, 'Esperanza Macarena de Madrid', 'URL', 'Adquirida', '2022-10-07', 'Barroca', 'c0a8000d-8665-1750-8186-6587bb010011', 'c0a8000d-8665-1750-8186-6587bb010001');
insert into obras (obras_id, name, precio, titulo, img, estado, fecha, estilo, categoria_id, imaginero_id) values ('0528bac8-b04b-11ed-afa1-0242ac120001', 'María Magdalena', 6000.00, 'María Magdalena de las Aguas', 'URL', 'Adquirida', '2022-10-07', 'Barroca', 'c0a8000d-8665-1750-8186-6587bb010014', 'c0a8000d-8665-1750-8186-6587bb010001');
insert into obras (obras_id, name, precio, titulo, img, estado, fecha, estilo, categoria_id, imaginero_id) values ('0528bac8-b04b-11ed-afa1-0242ac120003', 'El Huerto', 10000.00, 'Cristo en la Oración en el Huerto', 'URL', 'Adquirida', '2022-10-07', 'Barroca', 'c0a8000d-8665-1750-8186-6587bb010012', 'c0a8000d-8665-1750-8186-6587bb010001');
insert into obras (obras_id, name, precio, titulo, img, estado, fecha, estilo, categoria_id, imaginero_id) values ('0528bac8-b04b-11ed-afa1-0242ac120004', 'Cautivo', 15000.00, 'Cristo Cautivo', 'URL', 'Adquirida', '2022-10-07', 'Barroca', 'c0a8000d-8665-1750-8186-6587bb010012', 'c0a8000d-8665-1750-8186-6587bb010001');
insert into obras (obras_id, name, precio, titulo, img, estado, fecha, estilo, categoria_id, imaginero_id) values ('0528bac8-b04b-11ed-afa1-0242ac120005', 'Las Penas', 13000.00, 'La Virgen de las Penas', 'URL', 'Adquirida', '2022-10-07', 'Barroco', 'c0a8000d-8665-1750-8186-6587bb010011', 'c0a8000d-8665-1750-8186-6587bb010001');
insert into obras (obras_id, name, precio, titulo, img, estado, fecha, estilo, categoria_id, imaginero_id) values ('0528bac8-b04b-11ed-afa1-0242ac120006', 'La Buena Muerte', 20000.00, 'Cristo de la Buena Muerte', 'URL', 'Adquirida', '2022-10-07', 'Barroco', 'c0a8000d-8665-1750-8186-6587bb010012', 'c0a8000d-8665-1750-8186-6587bb010002');
insert into obras (obras_id, name, precio, titulo, img, estado, fecha, estilo, categoria_id, imaginero_id) values ('0528bac8-b04b-11ed-afa1-0242ac120007', 'La Misericordia', 20000.00, 'Cristo de La Misericordia', 'URL', 'Adquirida', '2022-10-07', 'Barroco', 'c0a8000d-8665-1750-8186-6587bb010012', 'c0a8000d-8665-1750-8186-6587bb010002');
insert into obras (obras_id, name, precio, titulo, img, estado, fecha, estilo, categoria_id, imaginero_id) values ('0528bac8-b04b-11ed-afa1-0242ac120008', 'Gran Poder', 40000.00, 'Cristo del Gran Poder', 'URL', 'Adquirida', '2022-10-07', 'Barroco', 'c0a8000d-8665-1750-8186-6587bb010012', 'c0a8000d-8665-1750-8186-6587bb010002');
insert into obras (obras_id, name, precio, titulo, img, estado, fecha, estilo, categoria_id, imaginero_id) values ('0528bac8-b04b-11ed-afa1-0242ac120009', 'Inmaculada Concepción', 12000.00, 'Inmaculada Concepción', 'URL', 'Adquirida', '2022-10-07', 'Barroca', 'c0a8000d-8665-1750-8186-6587bb010014', 'c0a8000d-8665-1750-8186-6587bb010002');
insert into obras (obras_id, name, precio, titulo, img, estado, fecha, estilo, categoria_id, imaginero_id) values ('0528bac8-b04b-11ed-afa1-0242ac120010', 'El Valle', 13000.00, 'La Virgen del Valle', 'URL', 'Adquirida', '2022-10-07', 'Barroca', 'c0a8000d-8665-1750-8186-6587bb010011', 'c0a8000d-8665-1750-8186-6587bb010002');
insert into obras (obras_id, name, precio, titulo, img, estado, fecha, estilo, categoria_id, imaginero_id) values ('0528bac8-b04b-11ed-afa1-0242ac120011', 'Piedad', 0.00, 'La Virgen de la Piedad', 'URL', 'Desaparecida', '2022-10-07', 'Renacentista', 'c0a8000d-8665-1750-8186-6587bb010011', 'c0a8000d-8665-1750-8186-6587bb010003');
insert into obras (obras_id, name, precio, titulo, img, estado, fecha, estilo, categoria_id, imaginero_id) values ('0528bac8-b04b-11ed-afa1-0242ac120012', 'Atado a la Columna', 22000.00, 'Cristo atado a la columna', 'URL', 'Adquirido', '2022-10-07', 'Renacentista', 'c0a8000d-8665-1750-8186-6587bb010012', 'c0a8000d-8665-1750-8186-6587bb010003');
insert into obras (obras_id, name, precio, titulo, img, estado, fecha, estilo, categoria_id, imaginero_id) values ('0528bac8-b04b-11ed-afa1-0242ac120013', 'Rosario', 23000.00, 'Virgen del Rosario', 'URL', 'Adquirida', '2022-10-07', 'Renacimiento', 'c0a8000d-8665-1750-8186-6587bb010015', 'c0a8000d-8665-1750-8186-6587bb010003');
insert into obras (obras_id, name, precio, titulo, img, estado, fecha, estilo, categoria_id, imaginero_id) values ('0528bac8-b04b-11ed-afa1-0242ac120014', 'San José', 19000.00, 'San José con el niño', 'URL', 'Adquirida', '2022-10-07', 'Renacimiento', 'c0a8000d-8665-1750-8186-6587bb010014', 'c0a8000d-8665-1750-8186-6587bb010003');
insert into obras (obras_id, name, precio, titulo, img, estado, fecha, estilo, categoria_id, imaginero_id) values ('0528bac8-b04b-11ed-afa1-0242ac120015', 'San Fernando', 21000.00, 'San Fernando por la coronación del rey', 'URL', 'Adquirida', '2022-10-07', 'Renacentista', 'c0a8000d-8665-1750-8186-6587bb010014', 'c0a8000d-8665-1750-8186-6587bb010003');
insert into obras (obras_id, name, precio, titulo, img, estado, fecha, estilo, categoria_id, imaginero_id) values ('0528bac8-b04b-11ed-afa1-0242ac120016', 'Divina Pastora', 23000.00, 'Divina Pastora con Niño Jesús quitapesares', 'URL', 'Adquirida', '2022-10-07', 'Renacentista', 'c0a8000d-8665-1750-8186-6587bb010015', 'c0a8000d-8665-1750-8186-6587bb010004');
insert into obras (obras_id, name, precio, titulo, img, estado, fecha, estilo, categoria_id, imaginero_id) values ('0528bac8-b04b-11ed-afa1-0242ac120017', 'Ecce-Homo', 18000.00, 'Ecce-Homo', 'URL', 'Adquirida', '2022-10-07', 'Renacimiento', 'c0a8000d-8665-1750-8186-6587bb010012', 'c0a8000d-8665-1750-8186-6587bb010004');
insert into obras (obras_id, name, precio, titulo, img, estado, fecha, estilo, categoria_id, imaginero_id) values ('0528bac8-b04b-11ed-afa1-0242ac120018', 'Niño Jesús', 8000.00, 'Niño Jesús', 'URL', 'Adquirida', '2022-10-07', 'Renacimiento', 'c0a8000d-8665-1750-8186-6587bb010013', 'c0a8000d-8665-1750-8186-6587bb010004');
insert into obras (obras_id, name, precio, titulo, img, estado, fecha, estilo, categoria_id, imaginero_id) values ('0528bac8-b04b-11ed-afa1-0242ac120019', 'Jesús de la Misericordia', 24000.00, 'Nuestro Padre Jesús de la Misericordia', 'URL', 'Adquirida', '2022-10-07', 'Renacentista', 'c0a8000d-8665-1750-8186-6587bb010012', 'c0a8000d-8665-1750-8186-6587bb010004');
insert into obras (obras_id, name, precio, titulo, img, estado, fecha, estilo, categoria_id, imaginero_id) values ('0528bac8-b04b-11ed-afa1-0242ac120020', 'San Ginés de la Jara', 17000.00, 'San Ginés de la Jara', 'URL', 'Adquirida', '2022-10-07', 'Renacentista', 'c0a8000d-8665-1750-8186-6587bb010014', 'c0a8000d-8665-1750-8186-6587bb010004');
insert into obras (obras_id, name, precio, titulo, img, estado, fecha, estilo, categoria_id, imaginero_id) values ('0528bac8-b04b-11ed-afa1-0242ac120021', 'Gracia y Esperanza', 16000.00, 'Virgen de la Gracias y Esperanza', 'URL', 'Adquirida', '2022-10-07', 'Barroca', 'c0a8000d-8665-1750-8186-6587bb010011', 'c0a8000d-8665-1750-8186-6587bb010005');
insert into obras (obras_id, name, precio, titulo, img, estado, fecha, estilo, categoria_id, imaginero_id) values ('0528bac8-b04b-11ed-afa1-0242ac120022', 'La Sed', 15000.00, 'Santísimo Cristo de La Sed', 'URL', 'Adquirida', '2022-10-07', 'Barroca', 'c0a8000d-8665-1750-8186-6587bb010012', 'c0a8000d-8665-1750-8186-6587bb010005');
insert into obras (obras_id, name, precio, titulo, img, estado, fecha, estilo, categoria_id, imaginero_id) values ('0528bac8-b04b-11ed-afa1-0242ac120023', 'El Carmen', 16000.00, 'La Virgen del Carmen', 'URL', 'Adquirida', '2022-10-07', 'Barroca', 'c0a8000d-8665-1750-8186-6587bb010015', 'c0a8000d-8665-1750-8186-6587bb010005');
insert into obras (obras_id, name, precio, titulo, img, estado, fecha, estilo, categoria_id, imaginero_id) values ('0528bac8-b04b-11ed-afa1-0242ac120024', 'Niño Jesús', 0.00, 'Niño Jesús del Carmen', 'URL', 'Donado', '2022-10-07', 'Barroco', 'c0a8000d-8665-1750-8186-6587bb010013', 'c0a8000d-8665-1750-8186-6587bb010005');
insert into obras (obras_id, name, precio, titulo, img, estado, fecha, estilo, categoria_id, imaginero_id) values ('0528bac8-b04b-11ed-afa1-0242ac120025', 'Los Dolores', 14000.00, 'Virgen de los Dolores', 'URL', 'Adquirida', '2022-10-07', 'Barroco', 'c0a8000d-8665-1750-8186-6587bb010011', 'c0a8000d-8665-1750-8186-6587bb010005');
insert into obras (obras_id, name, precio, titulo, img, estado, fecha, estilo, categoria_id, imaginero_id) values ('0528bac8-b04b-11ed-afa1-0242ac120026', 'Los Remedios', 20000.00, 'Nuestra Señora de los Remedios', 'URL', 'Adquirida', '2022-10-07', 'Barroca', 'c0a8000d-8665-1750-8186-6587bb010015', 'c0a8000d-8665-1750-8186-6587bb010006');
insert into obras (obras_id, name, precio, titulo, img, estado, fecha, estilo, categoria_id, imaginero_id) values ('0528bac8-b04b-11ed-afa1-0242ac120027', 'Vera+Cruz', 23000.00, 'Cristo de la Vera+Cruz', 'URL', 'Adquirido', '2022-10-07', 'Barroco', 'c0a8000d-8665-1750-8186-6587bb010011', 'c0a8000d-8665-1750-8186-6587bb010006');
insert into obras (obras_id, name, precio, titulo, img, estado, fecha, estilo, categoria_id, imaginero_id) values ('0528bac8-b04b-11ed-afa1-0242ac120028', 'Ángel', 5000.00, 'Ángel de la Oración en el Huerto', 'URL', 'Adquirida', '2022-10-07', 'Barroco', 'c0a8000d-8665-1750-8186-6587bb010013', 'c0a8000d-8665-1750-8186-6587bb010006');
insert into obras (obras_id, name, precio, titulo, img, estado, fecha, estilo, categoria_id, imaginero_id) values ('0528bac8-b04b-11ed-afa1-0242ac120029', 'Cristo de la Sangre', 15000.00, 'La Sangre', 'URL', 'Adquirida', '2022-10-07', 'Barroco', 'c0a8000d-8665-1750-8186-6587bb010012', 'c0a8000d-8665-1750-8186-6587bb010006');
insert into obras (obras_id, name, precio, titulo, img, estado, fecha, estilo, categoria_id, imaginero_id) values ('0528bac8-b04b-11ed-afa1-0242ac120030', 'Cristo del Perdón', 14000.00, 'El Perdón', 'URL', 'Adquirida', '2022-10-07', 'Barroco', 'c0a8000d-8665-1750-8186-6587bb010012', 'c0a8000d-8665-1750-8186-6587bb010006');
insert into obras (obras_id, name, precio, titulo, img, estado, fecha, estilo, categoria_id, imaginero_id) values ('0528bac8-b04b-11ed-afa1-0242ac120031', 'Señor Coronado de Espinas', 17000.00, 'Señor Coronado de Espinas San Fernando', 'URL', 'Adquirida', '2022-10-07', 'Realismo', 'c0a8000d-8665-1750-8186-6587bb010012', 'c0a8000d-8665-1750-8186-6587bb010007');
insert into obras (obras_id, name, precio, titulo, img, estado, fecha, estilo, categoria_id, imaginero_id) values ('0528bac8-b04b-11ed-afa1-0242ac120032', 'La Salud', 16000.00, 'Virgen de la Salud', 'URL', 'Adquirida', '2022-10-07', 'Realismo', 'c0a8000d-8665-1750-8186-6587bb010011', 'c0a8000d-8665-1750-8186-6587bb010007');
insert into obras (obras_id, name, precio, titulo, img, estado, fecha, estilo, categoria_id, imaginero_id) values ('0528bac8-b04b-11ed-afa1-0242ac120033', 'San José', 10000.00, 'San José para la Macarena', 'URL', 'Adquirida', '2022-10-07', 'Neobarroco', 'c0a8000d-8665-1750-8186-6587bb010014', 'c0a8000d-8665-1750-8186-6587bb010007');
insert into obras (obras_id, name, precio, titulo, img, estado, fecha, estilo, categoria_id, imaginero_id) values ('0528bac8-b04b-11ed-afa1-0242ac120034', 'La Agonía', 11000.00, 'Cristo de la Agonía', 'URL', 'Adquirida', '2022-10-07', 'Realismo', 'c0a8000d-8665-1750-8186-6587bb010011', 'c0a8000d-8665-1750-8186-6587bb010007');
insert into obras (obras_id, name, precio, titulo, img, estado, fecha, estilo, categoria_id, imaginero_id) values ('0528bac8-b04b-11ed-afa1-0242ac120035', 'Cuarto Ángel', 3000.00, 'Cuarto Ángel para la Resurrección', 'URL', 'Adquirida', '2022-10-07', 'Realismo', 'c0a8000d-8665-1750-8186-6587bb010013', 'c0a8000d-8665-1750-8186-6587bb010007');
insert into obras (obras_id, name, precio, titulo, img, estado, fecha, estilo, categoria_id, imaginero_id) values ('0528bac8-b04b-11ed-afa1-0242ac120036', 'Puente del Cedrón', 12000.00, 'Cristo del Puente del Cedrón', 'URL', 'Adquirida', '2022-10-07', 'Barroco', 'c0a8000d-8665-1750-8186-6587bb010011', 'c0a8000d-8665-1750-8186-6587bb010008');
insert into obras (obras_id, name, precio, titulo, img, estado, fecha, estilo, categoria_id, imaginero_id) values ('0528bac8-b04b-11ed-afa1-0242ac120037', 'La Caridad', 19000.00, 'Virgen de la Caridad', 'URL', 'Adquirida', '2022-10-07', 'Barroco', 'c0a8000d-8665-1750-8186-6587bb010011', 'c0a8000d-8665-1750-8186-6587bb010008');
insert into obras (obras_id, name, precio, titulo, img, estado, fecha, estilo, categoria_id, imaginero_id) values ('0528bac8-b04b-11ed-afa1-0242ac120038', 'El Buen Fin', 15000.00, 'Cristo del Buen Fin', 'URL', 'Adquirida', '2022-10-07', 'Barroco', 'c0a8000d-8665-1750-8186-6587bb010012', 'c0a8000d-8665-1750-8186-6587bb010008');
insert into obras (obras_id, name, precio, titulo, img, estado, fecha, estilo, categoria_id, imaginero_id) values ('0528bac8-b04b-11ed-afa1-0242ac120039', 'El Amor', 16000.00, 'Cristo del Amor', 'URL', 'Adquirida', '2022-10-07', 'Barroco', 'c0a8000d-8665-1750-8186-6587bb010012', 'c0a8000d-8665-1750-8186-6587bb010008');
insert into obras (obras_id, name, precio, titulo, img, estado, fecha, estilo, categoria_id, imaginero_id) values ('0528bac8-b04b-11ed-afa1-0242ac120040', 'La Concepción', 15000.00, 'Virgen de la Concepción', 'URL', 'Adquirida', '2022-10-07', 'Barroco', 'c0a8000d-8665-1750-8186-6587bb010011', 'c0a8000d-8665-1750-8186-6587bb010008');
insert into obras (obras_id, name, precio, titulo, img, estado, fecha, estilo, categoria_id, imaginero_id) values ('0528bac8-b04b-11ed-afa1-0242ac120042', 'La Salud', 12000.00, 'Nuestro Padre Jesús de la Salud', 'URL', 'Adqurida', '2022-10-07', 'Realismo', 'c0a8000d-8665-1750-8186-6587bb010012', 'c0a8000d-8665-1750-8186-6587bb010009');
insert into obras (obras_id, name, precio, titulo, img, estado, fecha, estilo, categoria_id, imaginero_id) values ('0528bac8-b04b-11ed-afa1-0242ac120041', 'Niño Jesús de Praga', 5000.00, 'Niño Jesús de Praga', 'URL', 'Adquirida', '2022-10-07', 'Barroco', 'c0a8000d-8665-1750-8186-6587bb010013', 'c0a8000d-8665-1750-8186-6587bb010009');
insert into obras (obras_id, name, precio, titulo, img, estado, fecha, estilo, categoria_id, imaginero_id) values ('0528bac8-b04b-11ed-afa1-0242ac120043', 'Descendimiento', 12000.00, 'Cristo del Descendimiento', 'URL', 'Adquirida', '2022-10-07', 'Realismo', 'c0a8000d-8665-1750-8186-6587bb010012', 'c0a8000d-8665-1750-8186-6587bb010009');
insert into obras (obras_id, name, precio, titulo, img, estado, fecha, estilo, categoria_id, imaginero_id) values ('0528bac8-b04b-11ed-afa1-0242ac120044', 'La Redención', 15000.00, 'Cristo de la Redención', 'URL', 'Adquirida', '2022-10-07', 'Realismo', 'c0a8000d-8665-1750-8186-6587bb010012', 'c0a8000d-8665-1750-8186-6587bb010009');
insert into obras (obras_id, name, precio, titulo, img, estado, fecha, estilo, categoria_id, imaginero_id) values ('0528bac8-b04b-11ed-afa1-0242ac120045', 'Esperanza de Monovar', 13000.00, 'Virgen de la Esperanza de Monovar', 'URL', 'Adquirida', '2022-1-23', 'Realismo', 'c0a8000d-8665-1750-8186-6587bb010011', 'c0a8000d-8665-1750-8186-6587bb010009');
insert into obras (obras_id, name, precio, titulo, img, estado, fecha, estilo, categoria_id, imaginero_id) values ('0528bac8-b04b-11ed-afa1-0242ac120046', 'La Virgen Niña', 15000.000, 'Santa Ana y la virgen niña', 'URL', 'Adquirida', '2022-10-07', 'Barroco', 'c0a8000d-8665-1750-8186-6587bb010013', 'c0a8000d-8665-1750-8186-6587bb010010');
insert into obras (obras_id, name, precio, titulo, img, estado, fecha, estilo, categoria_id, imaginero_id) values ('0528bac8-b04b-11ed-afa1-0242ac120047', 'San Antonio Abad', 13000.00, 'San Antonio de Abad', 'URL', 'Adquirida', '2022-10-07', 'Barroco', 'c0a8000d-8665-1750-8186-6587bb010014', 'c0a8000d-8665-1750-8186-6587bb010010');
insert into obras (obras_id, name, precio, titulo, img, estado, fecha, estilo, categoria_id, imaginero_id) values ('0528bac8-b04b-11ed-afa1-0242ac120048', 'Cristo de los Vaqueros', 17000.00, 'Cristo de los Vaqueros', 'URL', 'Adquirida', '2022-10-07', 'Barroco', 'c0a8000d-8665-1750-8186-6587bb010012', 'c0a8000d-8665-1750-8186-6587bb010010');
insert into obras (obras_id, name, precio, titulo, img, estado, fecha, estilo, categoria_id, imaginero_id) values ('0528bac8-b04b-11ed-afa1-0242ac120049', 'Santa Rosa de Lima', 16000.00, 'Santa Rosa de Lima', 'URL', 'Adquirida', '22022-10-07', 'Barroco', 'c0a8000d-8665-1750-8186-6587bb010014', 'c0a8000d-8665-1750-8186-6587bb010010');
insert into obras (obras_id, name, precio, titulo, img, estado, fecha, estilo, categoria_id, imaginero_id) values ('0528bac8-b04b-11ed-afa1-0242ac120050', 'San Juan de la cruz', 12000.00, 'San Juan de la Cruz', 'URL', 'Adquirida', '2022-10-07', 'Barroco', 'c0a8000d-8665-1750-8186-6587bb010014', 'c0a8000d-8665-1750-8186-6587bb010010');
